maxime_daniel,14
jason,6
cameron.bateman,13
jochen.wiedmann,1
ralphgerbig,1
mlippert,22
nitind,56
pascal.rapicault,7
gregory.amerson,2
donald.smith,17
rsternberg,27
mtaal,19
konstantin.komissarchik,49
elias,13
jjensen,1
bpayton,30
rcernich,10
mqualizza,2
clayberg,14
jwang,3
arunkumar.thondapu,7
stjerman,2
danijoh2,5
aniefer,70
donald.g.dunne,5
lars.sonchocky-helldorf,7
olaf,12
hugo.bruneliere,19
michael,8
jgarms,8
olibralo,3
britta.varwig,9
hwellmann.de,2
simon.scholz,3
urs.frei,3
pieter.humphrey,1
mukul.gandhi,13
zx,39
mickael.adam,1
ryan.d.brooks,5
bbrodt,24
vladdu55,5
peter.friese,27
alex.blewitt,20
karsten.thoms,25
keithc,5
maximilian,13
wyan,17
robert.munteanu,7
bmacisaa,2
ebaron,13
c.keimel,4
cabernal,3
twagner,4
federico.ciccozzi,0
frederic.madiot,2
mrrussell,9
luis,5
vladislav.iliev,4
alexander.igdalov,8
kilian.matt,4
jfaltermeier,7
marc.strapetz,3
ricco.deutscher,5
bob,6
rafael,5
rgrunber,17
joshua,1
angelo.zerr,20
william.piers,4
richard.gronback,35
mikael.petterson,1
jeffdouglas,5
dirk,1
kopp.dev,19
thorsten,0
jan,4
yannick7777,4
hheitkoetter,5
gerd,3
ivan.inozemtsev,8
tcarroll,7
gandhi.mukul,4
tww,5
daniel_megert,231
cvgaviao,10
dejan,35
Szymon.Brandys,53
hmalphettes,32
hoffmann,5
stevemash,2
vineet,4
kenn.hussey,23
ptrevithick,11
pwissel,7
naci.dai,22
jconlon,5
webmaster,93
g.watson,46
me,11
igor.vinnykov,4
sxenos,57
mn,14
eclipse,128
dev,10
vincent.hemery,6
merks,28
michael.keith,13
dmitry,6
caniszczyk,126
navid.mehregani,2
Steve_Northover,8
glongman,7
jesse.mcconnell,40
chris.guindon,14
jhkauf,6
nboldt,3
Stephane.Drapeau,12
ian.skerrett,71
matthew.khouzam,12
antoine,37
moritz.eysholdt,23
a.demelt,13
aurelien.pupier,6
benjamin.schwertfeger,4
robert.wetzold,10
digulla,19
jonathan.musset,7
wim.jongman,60
alcapcom,3
sven,8
benjamin.muskalla,32
nickboldt,73
John_Duimovich,2
evanchsa,3
jsetya,4
Sebastian.Zarnekow,32
rsanchez,10
ifedorenko,12
mikhailkhod,11
darius.jockel,5
wharley,10
serge,9
hstaudacher,42
tikhomirov.artem,15
pascal,137
ekke,22
cole,3
laurent.redor,6
lzhu,11
lj,6
etienne.juliot,12
mail,16
djo,21
angelo.bernabei,2
pawel.piech,15
mistria,137
chanskw,20
mickael.istria,23
andrea.zoppello,12
rellermeyer,11
rkrell,0
zsolt.beothy-elo,19
marcus,2
p_r_moreira,0
marc-andre.laperle,41
alex,10
james,2
tristan.faure,5
sharon.corbett,26
jo.hiller,14
alvsan09,22
darin.eclipse,70
Kevin_McGuire,51
carlos,3
sspeiche,3
pwebster,118
ed,98
david.green,52
joerg.reichert,4
jjohnstn,19
dwootton,8
xgu,12
dinko.ivanov,2
mwhitlock,1
c.knobloch,3
bokowski,46
yves.yang,34
sebastien.dubois,9
zqian,8
robert,2
dsp,4
nan.n.li,5
remy.suen,63
sam.davis,38
benjamin,26
edgar.m.mueller,2
mat.booth,3
fbricon,20
irbull,48
adolfosbh,21
wmg040,8
ian,7
milesparker,45
jmagnet,5
milesg78,14
hskolwal,9
torkildr,22
mheitz,16
bernd.hufmann,12
alexander.gurov,17
wli,11
rafsarifard,2
adrian,4
krum.tsvetkov,7
Darin_Swanson,49
juergen.schumacher,7
brian.vosburgh,9
kpqb38,12
tparker,3
matthias,2
kaloyan.r,52
eric.gwin,17
misc,3
jbruck,11
pnehrer,11
phuff,2
jonas.helming,7
mirco.dotta,3
christian.pontesegger,23
fwaibel,18
igor.novakovic,14
stephan,30
jed,2
john,5
Sonia_Dimitrov,6
arvera,18
lufimtse,24
Darin_Wright,24
loskutov,41
ksebasti,6
give.a.damus,22
heapifyman,3
cmordant1,2
jan.sievers,37
nathan,31
snorthov,39
malaperle,8
kenneth.westelinck,3
greg,1
walkraft,1
jeffreyoverbey,4
tibbitts,9
neil.hauge,36
ruediger.herrmann,15
thirumala,5
nyoescape,0
gercan,11
andrei.ilitchev,2
igor,47
sw,4
camille.letavernier,10
robert_gallagher,3
jackfong,2
joakim,7
mikael,19
reckord,30
vrubezhny,8
codingkriggs,1
neufeld.eugen,5
mik,16
kleung,2
anthonyh,73
florian,12
alex.panchenko,11
jkrause,13
overholt,75
fiedler.mf,6
juergen.markus.haug,2
dschaefe,2
christopher.delahunt,5
whe,7
kchong,12
kai,5
jean.barata,2
mario,5
varro,4
bsd,12
Michael_Rennie,69
tracy,10
beth,3
sasa.zivkov,7
laurent.goubet,24
cedric.brun,41
richard,2
patrick.tasse,12
spriet,0
cdtdoug,25
zeratul976,4
serg.boyko2011,13
thomas,57
anithra,6
andrew.ross,18
raghunathan.srinivasan,21
Mike_Wilson,59
akurtakov,20
Michael.Scharf,8
sebastien.moran,3
fyaoxy,4
jeremy.lindop,2
balask,2
cedric.notot,3
hrr,3
denis.roy,133
wayne,159
mauromol,10
dzonekl,6
jruehlin,0
elaskavaia.cdt,14
boris,9
michal.n,14
pmuldoon,5
akurtako,46
stephan.herrmann,31
pierre-charles.david,10
mkhv73,5
jeromem,5
k.schmidt,2
carsten.pfeiffer,13
selsemore,3
alexander,4
dirk.fauth,15
emo,71
mpiggott,16
markus.sabadello,3
roger,6
dkeysell,6
bruno.do.medeiros,4
pbenedict,2
steeg,6
julien,2
winston.prakash,1
Kenn.Hussey,27
stephane.begaudeau,7
linuxhippy,5
gunnar,118
tmenzel,12
xavier.raynaud,5
emoffatt,50
jgraham,9
igor.burilo,19
sandipchitale,4
henrik.lindberg,14
email,6
jeervin,3
ken,3
robert.elves,28
fsteeg,4
tdesous,5
sravankumarl,8
saurav.sarkar1,5
adrian.mos,20
ilg,5
fabiofz,14
david.minsky,1
dennis.huebner,43
stefan.dimov,13
jamsden,3
koppdev,5
brad,0
aboyko,6
bettini,5
jeff,26
mbehm,5
szymon.ptaszkiewicz,26
marc.khouzam,35
news,5
tom.schindl,76
henshin.stj,0
thanh.ha,20
ledunnel,15
emueller,3
oliver,8
vincent.lorenzo,7
tclick,1
romain.bioteau,3
cdamus,12
shawn.minto,18
pierre.gaufillet,5
joerg,6
sbernard,13
benoit.langlois,1
yjiang,10
John_Arthorne,56
mary,4
francisu,36
aclement,13
janet.campbell,18
mike,7
andrey,7
loulloudes.n,4
selic,3
andrew,20
dave,8
kdevolder,0
stephane.thibaudeau,4
ttakamiy,4
wspear,6
vano,3
elena.nayashkova,4
eyuen,11
laurent.delaigue,3
manderse,45
beyhan.veliev,4
elharo,2
marcel.bruch,29
frederic.jouault,5
dieter,12
j.hiller,6
nathalie.lepine,4
dietisheim,3
andrei.shakirin,2
guy.pelletier,6
sholars,9
michael.ochmann,10
piotr,2
foxm,2
recoskie,11
dcarlson,2
jarthana,24
stepper,46
raphael.faudou,7
matthew,3
Boris_Bokowski,36
jwoo,6
jamesblackburn,5
lippert,11
matthias.sohn,87
paolo.ditommaso,2
marc.dutoo,24
slewis,65
tom.seidel,6
markus_keller,100
jan.koehnlein,27
esp1,1
mvaawl,2
eugene.tarassov,5
karl.matthias,25
Achim.Loerke,2
mkoegel,2
bhunt,10
mike.milinkovich,82
jmunoz,4
contact,2
gm.romanato,7
lothar,6
harshana05,5
ccc,48
teodor.madan,3
cfrost,8
golubev,20
max.andersen,16
anders,4
paul,13
peter.hermsdorf,5
lmcbout,10
ian.trimble,10
hal,14
pclenahan,10
simon.eggler,3
werner.keil,16
Michael_Valenta,70
andrew.clement,19
villard,4
d_a_carver,87
jeandersonbc,1
jistrawn,8
jesper,16
idydieng,3
alex.lagarde,1
Andreas.Weber,10
andreas.mihm,1
onno.van.der.straaten,0
gregw,27
oisin.hurley,12
sarika.sinha,23
jdearden,2
javabrett,2
st.oehme,4
jonas.ruettimann,4
kevin.grigorenko,5
edsonrichter,2
patrick,7
kitlo,21
Stefan.Liebig,9
andreas.schank,3
ivan,18
njbartlett,10
davidcorley,5
thanson,5
matthias.wienand,3
scela,22
sedlund,0
lasher,1
Curtis_Windatt,10
davidmichaelkarr,11
carm,1
dalexiev,11
bork,3
peter,19
zakhav,2
dschaefer,78
Frank,7
sven.efftinge,42
ryan,3
borlander,3
jim.wright,5
mariot.chauvin,12
petya.sabeva,6
amuino,3
sean.neeley,2
tfmorris,6
tbuschto,7
jspadea,7
christian.saad,6
khussey,3
gian.maria.romanato,3
justin,6
tjwatson,103
scott,8
daniel.stucky,7
hargrave,7
david_williams,191
oliver.wolf,8
beyhan,5
leberre,5
anne.jacko,26
rcraddoc,14
brian.fitzpatrick,19
planger,3
christian.halstrick,12
lautenbacher,11
andrew_johnson,4
Olivier_Thomann,79
erdillon,22
tomasz.zarna,36
gorkem.ercan,27
spearce,4
stephaneberle9,13
goulwen.lefur,7
slyakhov,1
ymnk,7
support,4
gabipetrovay,11
l.kirchev,6
zulus,17
Vikas.Chandra,5
kaloyan.raev,30
yoav_,3
Silenio_Quarti,48
schtoo,5
janb,10
lorenzo.bettini,17
cbridgha,45
bfitzpat,23
emil.crumhorn,3
christian.campo,23
kristian.duske,4
tdramsey,2
info,18
vincent.zurczak,7
ericc,6
marc.dumais,4
mauersberger,2
christian.dietrich,9
bjiang,2
daniel.megert,14
judyvdouglas,7
khu,3
miles.daffin,3
sptaszkiewicz,3
eclipse.sprigogin,37
jesse,5
Markus.Tiede,4
mknauer,71
dgreen99,17
paul.fullbright,15
guy.g,4
Heiko.Behrens,8
steffen.pingel,155
konrad_w,7
pelder,11
erdal.karaca.de,7
christian.georgi,3
vincenzo.caselli,7
kutter,6
alexmonthy,15
briandealwis,26
chris,19
douglas.clarke,13
nbros,13
david.sciamma,4
lars.vogel,85
ken_walker,7
gnormington,19
adam,2
holger.oehm,7
sablin.andrey,4
